epoch,train_loss,val_loss,train_dice_macro,val_dice_macro,val_iou_macro,val_f1_macro,train_mPQ,val_mPQ,train_bPQ,val_bPQ,learning_rate,val_dice_Neoplastic,val_iou_Neoplastic,val_f1_Neoplastic,val_pq_Neoplastic,val_dice_Inflammatory,val_iou_Inflammatory,val_f1_Inflammatory,val_pq_Inflammatory,val_dice_Connective_Soft_tissue,val_iou_Connective_Soft_tissue,val_f1_Connective_Soft_tissue,val_pq_Connective_Soft_tissue,val_dice_Dead,val_iou_Dead,val_f1_Dead,val_pq_Dead,val_dice_Epithelial,val_iou_Epithelial,val_f1_Epithelial,val_pq_Epithelial
1,1.1003353500949498,1.0400518301021622,0.22213561298450143,0.28639563621719394,0.24524178120945228,0.2863956342559739,0.1266725200799363,0.19348358806394034,0.9999999999961775,0.99999999999247,9.990232305719945e-05,0.9541258245012701,0.9122759188946327,0.9541258195031442,0.9062942627119761,0.0,0.0,0.0,0.0,0.0,0.0,0.0,0.0,0.0,0.0,0.0,0.0,0.4778523565846996,0.31393298715262874,0.4778523517767254,0.061123677607725684
2,1.0092215456000162,1.0238356195300458,0.3016699433428196,0.28290432843873986,0.24268566372910122,0.2829043265072373,0.2091067638162535,0.18959508771118525,0.9999999999961775,0.99999999999247,9.960967771506666e-05,0.9562653521083267,0.9161958492419189,0.9562653471102754,0.9113616918874665,0.0,0.0,0.0,0.0,0.0,0.0,0.0,0.0,0.0,0.0,0.0,0.0,0.4582562900853726,0.2972324694035872,0.45825628542591107,0.036613746668459735
3,0.9821592268593814,1.008353237646172,0.35409528563663334,0.3442345962485243,0.2715151306160616,0.3442345929288028,0.2230321567318962,0.21288935713638057,0.9999999999961775,0.99999999999247,9.912321891107009e-05,0.9160806313370332,0.8451556986817519,0.9160806263487637,0.8308238767352203,0.0021052536802036084,0.001053736030930344,0.0021052532038479716,0.0,0.23034724356265507,0.13016522180678478,0.23034724015209684,0.03800744810776528,0.045451790341398984,0.023254371581521646,0.045451787587669254,0.0,0.5271880623213308,0.357946624979319,0.5271880573516364,0.19561546083891732
4,0.9582787540709936,0.9855825179312603,0.4019735441670898,0.3917756730058227,0.3061332583361682,0.3917756686932,0.22625404362373075,0.20124298995643736,0.9999999999961775,0.99999999999247,9.844486647586723e-05,0.9580010330859717,0.9193876995129623,0.9580010280860451,0.9133521307771814,0.27416199393887364,0.15885731625796826,0.27416198893891464,0.001067568483439689,0.19948525310284912,0.11079345695258787,0.19948524891105798,0.004379283227945676,0.04244388198379835,0.021682076745166937,0.042443879445592816,0.0,0.48478620291762076,0.3199457422121559,0.4847861980843898,0.08741596729362015
5,0.9436694782808286,0.9763457620718393,0.40979364838973636,0.37152313051432445,0.2974790036313718,0.3715231264091166,0.2267222815291714,0.22918779126055697,0.9999999999961775,0.99999999999247,9.757729755661011e-05,0.959746752372235,0.9226087537442249,0.9597467473728835,0.9167533922583455,0.07058357698474887,0.03658286316151615,0.07058357468619783,0.0038860411471695437,0.26124248385621535,0.15024664533764245,0.26124247898584335,0.012281802163217979,0.03836317135549777,0.019556714471968217,0.03836316798613945,0.0,0.5276796680029254,0.35840004144150733,0.527679663014519,0.2130177207340519
6,0.92980899850892,0.9756778327815504,0.43146551444552744,0.43080917621848897,0.33017839131816895,0.4308091713797261,0.22657298854401509,0.21961771460525262,0.9999999999961775,0.99999999999247,9.652393605146844e-05,0.9545082110722148,0.9129753300608131,0.9545082060722686,0.907378748823439,0.27519050578314136,0.15954834821227037,0.2751905011536856,0.0035225732822234466,0.3214399284041324,0.19149742320423946,0.3214399235508764,0.03081146808417417,0.10504190877769674,0.0554323123367555,0.10504190384843755,0.0,0.4978653270552595,0.33143854277676654,0.49786532227336205,0.15637578283642636
7,0.9160863779006748,0.9672659919204483,0.4570354372683744,0.44859705126867333,0.34346220706806607,0.44859704629257646,0.23486502318523592,0.22722135989469358,0.9999999999961775,0.99999999999247,9.528893909706797e-05,0.9558428825719628,0.9154205498559358,0.955842877571963,0.9048842615742329,0.3280823412177506,0.1962311597669895,0.3280823362641118,0.004444500275295726,0.327763357517758,0.19600297541096284,0.3277633525286738,0.0251492886518352,0.11307140713495947,0.05992352204662719,0.11307140219719275,0.0,0.5182252679009356,0.3497328282598151,0.5182252629009406,0.20162874897210423
8,0.9051603273878769,0.9629306161260031,0.4572042978460701,0.45727994842830044,0.34950421526579833,0.4572799435117677,0.23184406912178673,0.22960582711948846,0.9999999999961775,0.99999999999247,9.387718066217124e-05,0.9562121839459826,0.9160982426111183,0.9562121789459899,0.9081416775029006,0.3789564847109688,0.23377317211833212,0.3789564798779024,0.011104922851583368,0.2985505734814498,0.1754683793877636,0.2985505684854921,0.020966081528565862,0.13334166198179265,0.07143335192414416,0.133341657198568,0.0,0.5193388380213085,0.35074793028763357,0.5193388330508864,0.20781645371439253
9,0.8921476340075152,0.9672388531357409,0.47254825551170815,0.46198916694799175,0.3497484321796806,0.4619891623172734,0.2334676992928412,0.2172307190377838,0.9999999999961775,0.99999999999247,9.229423231234974e-05,0.9502708889542958,0.9052534401067227,0.9502708839545821,0.8922249491608867,0.35528312415653696,0.21601476179560478,0.35528311921340067,0.008722452930670208,0.2794735482844478,0.16243490357604343,0.27947354330078983,0.013002218844834866,0.20652626945212757,0.11515433202862564,0.2065262662067195,0.0,0.5183920038925507,0.3498847233914063,0.5183919989108745,0.1722039742525273
10,0.8805685360497291,0.9650098527052317,0.47848708202211315,0.4629887778079963,0.3535858513657564,0.46298877292605917,0.2355016309413648,0.22890570810872948,0.9999999999961775,0.99999999999247,9.054634122155989e-05,0.9583489675073242,0.9200288173420138,0.9583489625073891,0.9100076552098825,0.3699926720060939,0.2269883488569674,0.36999266705541356,0.007081228584329977,0.3298396776915486,0.19748982974020898,0.32983967269429376,0.021404890305542813,0.14075187969923753,0.07570365577482403,0.14075187517628368,0.0,0.516010692135777,0.3477186051147676,0.5160106871969153,0.206034766443892
11,0.8685499749599247,0.9625550910650965,0.4894640169513794,0.46907842144790496,0.35630664226431,0.46907841651597487,0.24518253148343963,0.22822169020517807,0.9999999999961775,0.99999999999247,8.864040551740155e-05,0.9594197050458175,0.92200449085773,0.9594197000460827,0.9148801949604617,0.3482569306467542,0.2108420716928555,0.34825692580312334,0.0026680765983808654,0.3035513609685223,0.17893342243583826,0.30355135598074895,0.01862665508652401,0.21958541116650926,0.12333386422674696,0.21958540627736922,0.008924335772739826,0.5145786994119215,0.3464193621083794,0.5145786944725502,0.19600918860778396
12,0.8664769301538439,0.9512491262102701,0.5000463208388115,0.5011821328760304,0.38107657915797627,0.5011821280093529,0.25166695410765855,0.24590693437832054,0.9999999999961775,0.99999999999247,8.658394705735986e-05,0.9597364492145045,0.9225897115109094,0.9597364442145099,0.9117088158133099,0.4316360277938399,0.27521419481899556,0.4316360229831857,0.014287967309597773,0.2998199254219433,0.17634598234916457,0.2998199204740219,0.025532400903076107,0.26692329436803625,0.1540170111920713,0.26692328974982993,0.009902261439024698,0.5477949675818277,0.37721599591874044,0.5477949626252171,0.2681032264265942
13,0.848507224875488,0.9559209048748016,0.5206208188308493,0.5123804545736873,0.3885981149208266,0.51238044963996,0.2605032391686428,0.2481271006339726,0.9999999999961775,0.99999999999247,8.438508174347008e-05,0.9593501147330612,0.921875962622123,0.959350109733065,0.9096257802082008,0.40692472903827187,0.2554334603365065,0.40692472411180225,0.019024202884997246,0.34777437877816236,0.210488431066079,0.3477743738022647,0.04126266178998135,0.2944673109311681,0.17265415832747139,0.294467306164577,0.0,0.5533857393877731,0.3825385622519529,0.5533857343880909,0.2707228582866835
14,0.8341212618059339,0.9516496611646859,0.5307649286330929,0.490419221489862,0.3718620638345172,0.4904192170498904,0.2678429716043265,0.2501646338919292,0.9999999999961775,0.99999999999247,8.205248749256013e-05,0.9546511228388543,0.9132368568007656,0.9546511178396279,0.9000756940872503,0.39309296260293136,0.24462707142018544,0.39309295873233235,0.0202816178922673,0.2870214205145775,0.16755692333338953,0.2870214155644887,0.037783598547851904,0.2663141205849361,0.15361151852652166,0.2663141171479478,0.009049279410698718,0.5510164809080103,0.3802779490917237,0.5510164759650555,0.28363297952157795
15,0.8340743613352469,0.9387368405439768,0.5343751427788572,0.5327548744713813,0.4051450993654807,0.5327548697139223,0.2736486075421999,0.2622453651379758,0.9999999999961775,0.99999999999247,7.959536998847742e-05,0.9593077792788398,0.9217977805331108,0.9593077742789142,0.9121363348568735,0.47450122379892096,0.31104661059156175,0.4745012188333562,0.022556893550214962,0.35284429722547966,0.21421429475740375,0.35284429225518094,0.050028151889704844,0.31204875080599537,0.18486834317934148,0.312048746924681,0.02547214314982892,0.5650723212476703,0.3937984677659859,0.5650723162774791,0.30103330224325675
16,0.8198587589125386,0.9429917001580618,0.548786950647709,0.5064177242047184,0.3848231595085827,0.5064177196207456,0.2853450001924378,0.25315193291073596,0.9999999999961775,0.99999999999247,7.702342635146032e-05,0.9577629236920712,0.9189491963622105,0.9577629186921324,0.907699331205745,0.4502769319298911,0.29055315830758527,0.4502769270982552,0.01636747590608136,0.30330132443414676,0.17875968715128218,0.3033013194346259,0.037465084078921115,0.27083827590991294,0.15662981208564078,0.27083827277271794,0.0,0.5499091650575704,0.37922394363619466,0.5499091601059963,0.30422777336293233
17,0.8195479338139934,0.9419559441417097,0.546394031184698,0.5271315657887792,0.40056246681160623,0.5271315610412322,0.28193046571615926,0.263184295633051,0.9999999999961775,0.99999999999247,7.434680686803489e-05,0.9574370588196355,0.9183494070253909,0.9574370538199185,0.9055588194301978,0.46735839273473784,0.30493651648193165,0.4673583880626691,0.024496307784133156,0.3273752515140033,0.19572546191865947,0.32737524651844385,0.04786741994160171,0.3159833634316588,0.18763672315943622,0.31598335935377203,0.024932197600310246,0.5675037624438602,0.39616422547261293,0.5675037574513576,0.31306673340901225
18,0.8088431205224553,0.9403920581182802,0.5602587929883434,0.5204036007733037,0.39514344845715454,0.52040359605057,0.289115909501488,0.26118028244546027,0.9999999999961775,0.99999999999247,7.157607493247108e-05,0.9581015738929358,0.9195729160209734,0.958101568893187,0.9055566711153098,0.44566157505765974,0.2867210691739748,0.44566157079567703,0.028775234947672344,0.3026520763326912,0.1783088028757108,0.30265207134862404,0.0437978076978061,0.3331992356431531,0.19990345743075158,0.3331992311765289,0.01825385318447471,0.5624035429400791,0.39121099678436216,0.5624035380388326,0.3095178452820386
19,0.8049868978673894,0.9419759341392172,0.5666962930598467,0.5216528969613055,0.3954991204460561,0.5216528921130934,0.28973994000345127,0.2604072823137211,0.9999999999961775,0.99999999999247,6.872216535789155e-05,0.9568204276435512,0.9172154564742674,0.9568204226436029,0.9014796536640702,0.43728726988068584,0.27982575520921155,0.43728726489564274,0.02662906758440339,0.3128260068272075,0.1854141944417521,0.31282600187846377,0.04618093715207714,0.33980351472150927,0.2046766860035297,0.3398035103434018,0.016329817681047864,0.5615272657335731,0.3903635101015198,0.561527260804356,0.3114169354870068
20,0.7970174778856634,0.9365780766469887,0.5704287708100642,0.5367132218813856,0.4083924215640223,0.5367132169824251,0.2903210467667817,0.2660609589905243,0.9999999999961775,0.99999999999247,6.579634122155988e-05,0.9550008140954993,0.9138770890705495,0.9550008090960512,0.9011812015098678,0.5131110049978035,0.34509032397340833,0.5131110002207867,0.04442499948146215,0.3165722677931953,0.18805218765061024,0.31657226292260177,0.04039278827525488,0.33066153151318295,0.19807938159653943,0.3306615266056653,0.025263580107910095,0.5682204910072467,0.3968631255290039,0.5682204860670207,0.31904222557812656
21,0.7969182321420138,0.9362973129174795,0.572881274138575,0.5325259316627496,0.404663624060258,0.5325259268187749,0.29413215646694824,0.2720759514391148,0.9999999999961775,0.99999999999247,6.28101494146603e-05,0.9579877680133141,0.9193632652342555,0.9579877630137709,0.908619499659597,0.46384733339199136,0.3019539291079815,0.46384732903842923,0.04178781664894585,0.3166225593815876,0.18808768119481975,0.3166225543817713,0.04763982247633084,0.3536806925161833,0.2148311636196127,0.3536806876352994,0.043801090818508664,0.5704913050106717,0.3990820811446205,0.5704913000246036,0.31853152759219183
22,0.7985261196116789,0.9357726301055357,0.5765138400150553,0.5466578305832586,0.4167201948703812,0.5466578256631275,0.3003964635079333,0.2721597737565058,0.9999999999961775,0.99999999999247,5.9775375071993364e-05,0.9598647962090961,0.9228269485647134,0.9598647912091948,0.9117386193788568,0.5026380834194353,0.3356824277775674,0.5026380784846367,0.033580083342970427,0.3455318635912777,0.20884769914113172,0.345531858640678,0.04962540096281117,0.3485599938288533,0.2110642787666186,0.3485599890495185,0.03528495621269899,0.5766944158676307,0.4051796201018751,0.5766944109316097,0.3305698088851917
23,0.7849919711231091,0.934784397482872,0.5810130743018136,0.5352166260184529,0.40690565441036297,0.535216621202118,0.2981853690819881,0.27116760654264016,0.9999999999961775,0.99999999999247,5.670399506143306e-05,0.9561472557633475,0.915979060305635,0.9561472507640963,0.9050129909713699,0.473535145627818,0.3102168676019585,0.4735351413374109,0.04332416087939074,0.30195359783879244,0.17782411449679916,0.30195359284457257,0.046959125917261674,0.367651002987211,0.22522818567598907,0.3676509981773413,0.03365956590882995,0.5767961278750952,0.40528004397143297,0.5767961228871685,0.32688218903634875
24,0.7850975184174488,0.9343960622707045,0.5883385890621395,0.5413150358036981,0.41241268724290503,0.5413150308428568,0.30501002947324324,0.27370840749986386,0.9999999999961775,0.99999999999247,5.3608130716701005e-05,0.9582633138533125,0.9198709487690817,0.9582633088533318,0.9085224892219028,0.49832687953356597,0.331847772156154,0.49832687454530333,0.0352540428749612,0.3247507660300743,0.19385220983536608,0.32475076111631757,0.04896017614193049,0.3475072965854147,0.21029278729482556,0.3475072915907361,0.0332128477167251,0.5777269230161233,0.4061997181590977,0.5777269181085953,0.3425924815437996
25,0.7782598824129192,0.9293488481317658,0.5947723184910925,0.55439133703306,0.42350552613952697,0.5543913321014939,0.30970081342856515,0.2802695584249291,0.9999999999961775,0.99999999999247,5.049999999999999e-05,0.9607077553547122,0.9243865335323495,0.9607077503547654,0.9153361389929837,0.5328665157891721,0.36320247715960313,0.5328665108632507,0.048275466958298804,0.3513898511733887,0.2131430838415549,0.3513898462149288,0.0629532249503199,0.3532064128256339,0.21448128993001458,0.3532064079306645,0.03312387151296843,0.5737861500223931,0.4023142462341129,0.5737861451438601,0.3416590897100747
26,0.7756542103188483,0.9299763764243528,0.5995679299922989,0.5500802373232673,0.4195134214749096,0.550080232488398,0.31285192008771456,0.2796071914432529,0.9999999999961775,0.99999999999247,4.7391869283298976e-05,0.956273916566249,0.9162115728872143,0.9562739115665424,0.902495472393033,0.5297346308755907,0.3602986522025373,0.5297346259891936,0.056776973198187926,0.3165550127646388,0.18804001031509887,0.3165550078879034,0.05611964808269957,0.3712193874288489,0.2279124546078993,0.3712193828918124,0.02789177413619534,0.5766182389810087,0.40510441736179825,0.5766182341065379,0.354752089406149
27,0.7723562107264813,0.9283484448510481,0.6008091872724547,0.5531092383732095,0.4222274423173807,0.5531092334836549,0.3140254456007198,0.2786697035822413,0.9999999999961775,0.99999999999247,4.429600493856693e-05,0.9588129520811276,0.9208844405024107,0.958812947081268,0.9127292871661106,0.5276952038167307,0.3584143753281942,0.527695198985672,0.056479489944602425,0.3287709055243785,0.1967240198313663,0.3287709005627674,0.05978756736390093,0.37251602564100905,0.22889074885528754,0.3725160208942577,0.016594736114286166,0.577751104802801,0.4062236270696447,0.5777510998943087,0.3477574373223063
28,0.7689149474058676,0.9308701776955501,0.6009571440969917,0.5476794805478709,0.417205177970189,0.5476794756900395,0.3165420980321785,0.2831386505827432,0.9999999999961775,0.99999999999247,4.122462492800662e-05,0.9557434609733584,0.9152381864558042,0.9557434559739577,0.9028554437520505,0.5089408267021607,0.34132838978919566,0.5089408221307793,0.056201186207168206,0.3126483910889328,0.18528941415518047,0.3126483861662415,0.060331984734996104,0.379592510264879,0.23425743997698312,0.37959250538516237,0.033411820961312066,0.5814722137100232,0.4099124594737817,0.5814722087940565,0.36289281725818895
29,0.7486848903176252,0.9294374696461551,0.6085294034661223,0.5538958274078685,0.4222402519315577,0.5538958225284667,0.3262531039693378,0.28208792235339947,0.9999999999961775,0.99999999999247,3.8189850585339674e-05,0.9566756510343353,0.9169494146118303,0.956675646034935,0.9059437583597648,0.5177262071143331,0.34927839215616985,0.5177262024919191,0.055122551573416875,0.3265164223752819,0.19511181749314052,0.32651641745291576,0.056579482431332685,0.38728683088581695,0.24014613280459693,0.3872868259851994,0.043172412519717714,0.5812740256295754,0.40971550259205075,0.581274020677364,0.3496214068827653
30,0.7520503451882516,0.9296648502349854,0.6150412529970595,0.5618539026716014,0.42998238221647506,0.5618538977009006,0.32422841652649115,0.2861517804799625,0.9999999999961775,0.99999999999247,3.5203658778440106e-05,0.9593396373064683,0.9218566130677046,0.9593396323065362,0.9094896059528902,0.5473491661911017,0.37679334458917035,0.5473491612148284,0.06337566047210014,0.34317145125440923,0.20712550584321435,0.3431714463137019,0.06369693225237184,0.37282289041806504,0.22912250192227274,0.3728228854196239,0.033230491643561205,0.586586368187963,0.41501394566001343,0.5865863632498121,0.36096621207888874
31,0.7457786264404973,0.9264989071581737,0.6184366991021106,0.5651538637271732,0.4323578546609971,0.5651538587920222,0.33299502141036685,0.28908003014517264,0.9999999999961775,0.99999999999247,3.227783464210844e-05,0.9589059745285502,0.9210560728117889,0.9589059695288052,0.9096086389095401,0.5436713296568692,0.37331636788333833,0.5436713248110201,0.06477842392905253,0.35059030855375317,0.21255501915133418,0.3505903036184842,0.0700785099468918,0.38314861769996406,0.2369720692293436,0.3831486127605359,0.032816471558614065,0.5894530881967295,0.41788974422918074,0.5894530832412658,0.3681181063817645
32,0.7464848059124174,0.925668237080057,0.6215883673067651,0.5623475420874403,0.4300567865643551,0.5623475372167009,0.33876019791862017,0.2907443684612665,0.9999999999961775,0.99999999999247,2.942392506752889e-05,0.9577240793551584,0.9188776794945311,0.9577240743554724,0.9080165648248112,0.5480920756179711,0.3774978195337379,0.5480920708165749,0.0773811943717792,0.33999079871650767,0.2048125989022424,0.33999079379409336,0.07194245615338482,0.37928843710290594,0.23402587220696508,0.37928843239686305,0.03304357484934674,0.5866423196446588,0.4150699626842991,0.5866423147205012,0.36333805210701076
33,0.7626578471073682,0.9307867931314262,0.624993884152741,0.5591875568875201,0.42676726137400073,0.5591875519818099,0.33943456760443114,0.2902578708338444,0.9999999999961775,0.99999999999247,2.6653193131965075e-05,0.9562281750103773,0.9161275981174182,0.956228170011029,0.9022494181012164,0.5317738208084255,0.3621879437548427,0.5317738160419275,0.0703051211401731,0.35733675400446063,0.21753500291406105,0.3573367491661565,0.07731053639610287,0.36218278438447604,0.22113748770699093,0.36218277938717663,0.03377202397347607,0.5884162502298611,0.416848274376691,0.5884162453027595,0.3676522545582537
34,0.740689454321103,0.9308462124991129,0.6290469734373497,0.5600023040179745,0.4279531604672589,0.5600022990995168,0.3399910127127286,0.29156235240989103,0.9999999999961775,0.99999999999247,2.3976573648539646e-05,0.9581589983458243,0.9196787195210344,0.9581589933461897,0.9067502345756252,0.5343450260458338,0.36457763630701795,0.5343450212734075,0.07146896189472575,0.3565247333828351,0.21693343406176419,0.35652472847417155,0.0750793267280516,0.36139318484844746,0.22054905515269851,0.3613931798505575,0.03420493465459991,0.589589577466932,0.4180269572937793,0.5895895725532573,0.37030830419645283
35,0.7306689106907684,0.9243558142558638,0.6312289167473997,0.571295878921057,0.4371259970811834,0.571295874023698,0.3508034239732565,0.289028692689283,0.9999999999961775,0.99999999999247,2.1404630011522576e-05,0.9579221318747314,0.9192423725475177,0.9579221268750124,0.9069476137115037,0.5527381778719742,0.381919960452794,0.5527381729396659,0.07817857773723962,0.35702977355670645,0.2173075128266965,0.3570297686907186,0.07610887223913343,0.40028151746995705,0.25021997422752146,0.40028151268952117,0.016911799348639324,0.5885077938319155,0.4169401653513873,0.5885077889235718,0.36699660040989907
36,0.731751613068289,0.925648174192532,0.6344187032533471,0.5676860722263597,0.43466489359032423,0.5676860672834486,0.3524490841891836,0.29030964003368626,0.9999999999961775,0.99999999999247,1.8947512507439848e-05,0.9581880293096315,0.9197322129776234,0.9581880243098475,0.9066569792057805,0.5552721505799124,0.3843437715987812,0.5552721456819569,0.08414224475765338,0.34309089296889705,0.20706681586394143,0.3430908880511617,0.07434841928267914,0.39164647005128406,0.24350770073776762,0.39164646508892415,0.016710209844427063,0.5902328182220732,0.4186739667735077,0.5902328132853529,0.369690347077891
37,0.7390963949650435,0.9264889546187527,0.6330815948365268,0.5664495791086369,0.43376100490860897,0.5664495741973645,0.3499799328620222,0.2960247519809182,0.9999999999961775,0.99999999999247,1.66149182565299e-05,0.9583221412630728,0.9199793709977417,0.9583221362632616,0.9078847605401787,0.5566572823050052,0.3856722838453655,0.5566572774192349,0.08167731200760714,0.3447871661554847,0.20830382601291067,0.3447871612344759,0.0747375419091573,0.3826964863505497,0.23662626286329766,0.38269648150208196,0.042329061951576874,0.5897848194690725,0.41822328082372945,0.589784814567768,0.37349508349607113
38,0.7289145890087891,0.9261561382606806,0.6364759902889263,0.5726177795672389,0.43853789042897084,0.5726177746769291,0.3498562863004614,0.29687980631900046,0.9999999999961775,0.99999999999247,1.4416052942640132e-05,0.9586685791958494,0.9206181241083973,0.958668574196176,0.9086084941298832,0.5548559970093818,0.38394512647954016,0.5548559921331595,0.0785567441708373,0.36234822019022,0.221260847182243,0.3623482152975134,0.07924449202726179,0.39462762072710617,0.24581687452841386,0.3946276159797019,0.04264496808962425,0.5925884807136375,0.4210484798462596,0.5925884757780947,0.375344333177396
39,0.7437527325539779,0.9244851001414908,0.6388012023413685,0.5727939230717578,0.43883183566822703,0.5727939181441938,0.3573175980345686,0.2968768514098167,0.9999999999961775,0.99999999999247,1.235959448259843e-05,0.9589622156901458,0.9211598561966512,0.9589622106903615,0.9084878895726906,0.5566383565900525,0.3856541145675676,0.5566383516247118,0.07781512190222611,0.3672985421765499,0.22496368850322127,0.3672985373011992,0.08039771356051242,0.38737303518323546,0.24021242583355343,0.3873730303105916,0.04195118269061706,0.5936974657188052,0.42216909324014174,0.5936974607941046,0.3757323493230372
40,0.7290528830402853,0.9244708382939718,0.6427623789134522,0.5698322926703548,0.4364544000325604,0.5698322877385329,0.3522594110888669,0.2942521694131998,0.9999999999961775,0.99999999999247,1.04536587784401e-05,0.9575210571111733,0.9185039790422763,0.9575210521115494,0.9045410459566033,0.5605762981793038,0.3894449545816446,0.5605762933222989,0.08993603286293092,0.3504573911016155,0.21245731344621754,0.3504573862233798,0.07756391290265831,0.38756739964938935,0.24036192245500115,0.38756739465525575,0.024516415747397404,0.5930393173102924,0.4215038306376624,0.593039312380181,0.374703439596409
41,0.7133022453351123,0.9224781341940523,0.6414167703133355,0.5762888609889831,0.44180630598665294,0.5762888560850199,0.36165698399547097,0.29839836679921805,0.9999999999961775,0.99999999999247,8.70576768765026e-06,0.9580759731958204,0.9195257509652209,0.9580759681961709,0.9057613833727273,0.5642989210125063,0.3930476401191184,0.5642989160965568,0.08283425073500195,0.36117939187526726,0.22038982795594517,0.3611793870064403,0.08258374385034745,0.40150822669102365,0.2511794138670335,0.401508221899858,0.04185540463024266,0.5963817921702981,0.4248888970259468,0.5963817872260734,0.378957051407771
42,0.7343422823816265,0.925097486340856,0.6456486222448994,0.5742153306744302,0.4397101647795923,0.5742153257674438,0.3649989493007319,0.2967433814066158,0.9999999999961775,0.99999999999247,7.122819337828748e-06,0.9575726328553688,0.9185989000637113,0.9575726278558874,0.9048193273488584,0.5601444506087109,0.38902822637001094,0.560144445768181,0.08702437562793701,0.3672756134433466,0.2249464860495624,0.36727560861623015,0.08530867082349661,0.39353886642477937,0.24497254132065335,0.39353886145110245,0.02520248637748922,0.5925450900399456,0.42100467009402315,0.592545085145818,0.3813620468552982
43,0.71655322151082,0.9250625208558807,0.6492950119958463,0.5723218210249137,0.43864732076050394,0.5723218160923538,0.36728754136682984,0.2981440466040165,0.9999999999961775,0.99999999999247,5.711060902932039e-06,0.9580441652076651,0.9194671532297779,0.958044160207988,0.906188719786609,0.5635800994385793,0.39235052314320185,0.5635800945646422,0.09038013124563984,0.35429242207625733,0.21528273116615268,0.3542924171876743,0.08008314266155085,0.39119949541792903,0.24316221576493946,0.39119949044780417,0.03354543599274832,0.5944929229841375,0.42297398049844764,0.5944929180536606,0.38052280333353455
44,0.7248118673807254,0.9256846044796059,0.6479998849337253,0.5690509572795627,0.43602655168214766,0.569050952348302,0.36408353650506664,0.2971253190816484,0.9999999999961775,0.99999999999247,4.476063948531556e-06,0.9570630423398585,0.9176614514524984,0.957063037340238,0.9033686711696913,0.5638698131604356,0.3926314050965825,0.5638698082963026,0.0890360889596007,0.34432630926963953,0.20796749455972105,0.3443263043967527,0.08008064668659973,0.3850032235134431,0.2383925646904521,0.3850032185217287,0.03319264770724264,0.5949923981144367,0.42347984261148397,0.5949923931864883,0.37994854088510754
45,0.7195889860938448,0.9252969604658793,0.6503698502725924,0.5713807341425033,0.43775929509453776,0.5713807292168177,0.36695014584011637,0.29727075358401656,0.9999999999961775,0.99999999999247,3.4227024433898985e-06,0.9569048968720836,0.9173707114553836,0.9569048918724846,0.9033302650901779,0.5690150748786199,0.3976387625679247,0.5690150699265037,0.08733322173302364,0.3572940531411716,0.21750335403873525,0.3572940483456395,0.08265259968655814,0.3818030445881435,0.23594349458590388,0.38180303959619805,0.03312261036682716,0.591886601232498,0.4203401528247416,0.5918865963432627,0.37991507104349614
46,0.7175515579338833,0.9239527604666101,0.6492390543020007,0.572446992532605,0.4384363484504899,0.5724469876234141,0.36699534473936246,0.29699136349287325,0.9999999999961775,0.99999999999247,2.555133524132766e-06,0.9573719359998137,0.9182295864229131,0.957371931000334,0.9036269798123671,0.5596195143042435,0.38852200502697504,0.559619509487862,0.08829371091842002,0.35994155222521496,0.21946873461344021,0.35994154737156625,0.08201674421291609,0.3902819938667554,0.24245364242664114,0.3902819889164962,0.03335511744152297,0.5950199662669973,0.4235077737624795,0.5950199613408115,0.37766426507914025
47,0.709651933305125,0.9249681141003069,0.6545186719027141,0.5740238893165521,0.44003638838554365,0.5740238843856182,0.3755090552027725,0.29972146028643654,0.9999999999961775,0.99999999999247,1.8767810889299075e-06,0.9577988563840852,0.9190153573052166,0.9577988513844702,0.9054168226341616,0.5668965942951442,0.3955727074811622,0.5668965893924525,0.08842347994209136,0.36235111437460044,0.22126300549230532,0.36235110952129745,0.08467390165595774,0.3876938389779603,0.24045919339054156,0.38769383400863416,0.04151414935646687,0.5953790425509705,0.4238716782584924,0.5953790376212369,0.3785789478435052
48,0.7187102569626012,0.9250922054052353,0.6503700684880509,0.5731662922657778,0.43947205362074043,0.5731662873345702,0.3720910292917823,0.29866964452948314,0.9999999999961775,0.99999999999247,1.3903222849333503e-06,0.958051871856256,0.9194813503461526,0.9580518668565786,0.9066871368641838,0.5669610225374054,0.3956354512710415,0.5669610176447218,0.0907815517404206,0.35729220961658276,0.21750198769873047,0.3572922047349008,0.08032826418400932,0.38789499220594886,0.2406139738606302,0.3878949872573961,0.03308159501778696,0.5956313651126959,0.4241275049271472,0.5956313601792541,0.38246967484101513
49,0.715099669514446,0.9239933291472584,0.65463263546033,0.5758355582372954,0.4415214204421085,0.5758355533196953,0.37177907519887804,0.29785312326220686,0.9999999999961775,0.99999999999247,1.0976769428005576e-06,0.9585434536984966,0.9203873719960243,0.9585434486988429,0.907739990347748,0.5660902078140163,0.39478788058976605,0.566090202931266,0.08753204049582396,0.3671782046341618,0.22487340974762926,0.3671781997616948,0.08176213941491363,0.3923379527936223,0.24404255451286236,0.3923379478793367,0.03280193215980021,0.5950279722461795,0.4235158853642605,0.5950279673273359,0.3794295138927483
50,0.7001467191753766,0.9245911087975445,0.6548035338772487,0.576111393693288,0.4415916152117655,0.5761113887726568,0.3792325671009359,0.298457824406854,0.9999999999961775,0.99999999999247,1e-06,0.9576427814364389,0.9187280179784579,0.9576427764369204,0.9054920081606251,0.5668719474115483,0.39554870647301177,0.5668719425088439,0.0864612932492319,0.3702373266176995,0.22717254031185638,0.37023732179512636,0.08452898349621334,0.3901266725583934,0.24233376993603498,0.3901266676086834,0.03326823367818014,0.5956782404423603,0.42417504135946626,0.5956782355137096,0.3825386034500194
